DATE,CPI,UNRATE,INDPRO,HOUST,TRDBAL,REAINTRATT10Y
1992-01-01,4.069913371,7.3,61.4898,1176.0,-2026.0,3.19854245
1992-02-01,3.878184354,7.4,61.9299,1250.0,-831.0,3.62829159
1992-03-01,3.990512759,7.4,62.449,1297.0,-2641.0,3.66026498
1992-04-01,4.077543119,7.4,62.9312,1099.0,-3109.0,3.78985987
1992-05-01,3.937860894,7.6,63.1359,1214.0,-3919.0,3.74616997
1992-06-01,3.875841001,7.8,63.1736,1145.0,-2824.0,3.56857666
1992-07-01,3.785344226,7.7,63.7408,1139.0,-2781.0,3.35309944
1992-08-01,3.644349796,7.6,63.3917,1226.0,-4455.0,3.1248226
1992-09-01,3.363566041,7.6,63.5927,1186.0,-3530.0,2.95734236
1992-10-01,3.654950596,7.3,64.0282,1244.0,-3520.0,2.72804375
1992-11-01,3.649402976,7.4,64.2732,1214.0,-3968.0,3.32463334
1992-12-01,3.497528562,7.4,64.3668,1227.0,-5603.0,3.50968543
1993-01-01,3.547354737,7.3,64.6256,1210.0,-3871.0,3.26790846
1993-02-01,3.580667722,7.1,64.929,1210.0,-3596.0,3.00478524
1993-03-01,3.353160609,7.0,64.872,1083.0,-6777.0,2.67342493
1993-04-01,3.422176699,7.1,65.0611,1258.0,-6445.0,2.77451693
1993-05-01,3.551431283,7.1,64.8104,1260.0,-4369.0,2.66472062
1993-06-01,3.583428873,7.0,64.9553,1280.0,-6929.0,2.76123734
1993-07-01,3.437046316,6.9,65.1198,1254.0,-6382.0,2.59179878
1993-08-01,3.522739086,6.8,65.0494,1300.0,-5581.0,2.70290307
1993-09-01,3.656038681,6.7,65.3882,1343.0,-7031.0,2.45058069
1993-10-01,3.433321443,6.8,65.8702,1392.0,-6594.0,2.39884319
1993-11-01,3.445125507,6.6,66.1779,1376.0,-7016.0,2.56229533
1993-12-01,3.557822725,6.5,66.5602,1533.0,-5719.0,2.72011647
1994-01-01,3.384372964,6.6,66.7722,1272.0,-6207.0,2.77268493
1994-02-01,3.424654259,6.6,66.8068,1337.0,-9245.0,2.62016875
1994-03-01,3.578833286,6.5,67.4832,1564.0,-6466.0,2.97120305
1994-04-01,3.364064138,6.4,67.8771,1465.0,-7887.0,3.65918278
1994-05-01,3.238103819,6.1,68.1961,1526.0,-7728.0,3.62457709
1994-06-01,3.207540833,6.1,68.6526,1409.0,-8380.0,3.59356552
1994-07-01,3.245680943,6.1,68.7353,1439.0,-8739.0,3.7864194
1994-08-01,3.318864731,6.0,69.1954,1450.0,-8303.0,3.58028405
1994-09-01,3.267212367,5.9,69.4017,1474.0,-8310.0,3.6371045
1994-10-01,3.178740091,5.8,69.969,1450.0,-9158.0,3.95662307
1994-11-01,3.142092625,5.6,70.4367,1511.0,-9615.0,4.10325275
1994-12-01,2.915659975,5.5,71.1413,1455.0,-8456.0,4.11695307
1995-01-01,3.159681044,5.6,71.2762,1407.0,-9324.0,4.24429022
1995-02-01,3.139699974,5.4,71.1904,1316.0,-8817.0,4.05499673
1995-03-01,3.184482491,5.4,71.2891,1249.0,-9708.0,3.72098557
1995-04-01,3.322916117,5.8,71.1623,1267.0,-9609.0,3.6549273
1995-05-01,3.367477772,5.6,71.5044,1314.0,-9090.0,3.4204808
1995-06-01,3.34707431,5.6,71.743,1281.0,-10623.0,2.90471287
1995-07-01,3.402097044,5.7,71.4459,1461.0,-7688.0,2.93803016
1995-08-01,3.255560049,5.7,72.38,1416.0,-6704.0,3.14848844
1995-09-01,3.368207809,5.6,72.6601,1369.0,-5924.0,3.01759856
1995-10-01,3.479287466,5.5,72.5428,1369.0,-6114.0,3.0097294
1995-11-01,3.394879542,5.6,72.7178,1452.0,-6514.0,2.88422441
1995-12-01,3.397750888,5.6,72.9672,1431.0,-6271.0,2.72215346
1996-01-01,3.294296705,5.6,72.5866,1467.0,-8465.0,2.64759197
1996-02-01,3.278044833,5.5,73.6389,1491.0,-7319.0,2.59785872
1996-03-01,3.15123296,5.5,73.5202,1424.0,-7756.0,2.8972936
1996-04-01,3.021419042,5.6,74.2664,1516.0,-8744.0,3.10833442
1996-05-01,3.065009249,5.6,74.8145,1504.0,-9259.0,3.30502587
1996-06-01,3.066510398,5.3,75.3779,1467.0,-7460.0,3.49408029
1996-07-01,3.103134864,5.5,75.3754,1472.0,-10132.0,3.36926055
1996-08-01,3.096243134,5.1,75.7568,1557.0,-10357.0,3.32941538
1996-09-01,3.076709572,5.2,76.2304,1475.0,-10195.0,3.52082209
1996-10-01,2.957328624,5.2,76.2193,1392.0,-6635.0,3.31834947
1996-11-01,2.99348831,5.4,76.8941,1489.0,-7268.0,3.14164675
1996-12-01,3.066760867,5.4,77.3731,1370.0,-10475.0,2.95093511
1997-01-01,2.924852958,5.3,77.5138,1355.0,-11269.0,3.2548678
1997-02-01,2.815492049,5.2,78.4246,1486.0,-9776.0,3.21337489
1997-03-01,2.868448161,5.2,78.9266,1457.0,-8383.0,3.3085558
1997-04-01,2.924881516,5.1,78.9924,1492.0,-8086.0,3.55047337
1997-05-01,2.883239208,4.9,79.4411,1442.0,-8394.0,3.43698117
1997-06-01,2.841507556,5.0,79.8048,1494.0,-7154.0,3.27910832
1997-07-01,2.764311367,4.9,80.48,1437.0,-7033.0,3.19987642
1997-08-01,2.668660701,4.8,81.2862,1390.0,-8743.0,3.0885119
1997-09-01,2.558893145,4.9,82.038,1546.0,-9269.0,3.15086952
1997-10-01,2.633884037,4.7,82.7657,1520.0,-9089.0,3.01659074
1997-11-01,2.564888202,4.6,83.4321,1510.0,-9786.0,2.97295683
1997-12-01,2.636585632,4.7,83.7826,1566.0,-11289.0,2.91985104
1998-01-01,2.686312997,4.6,84.1656,1525.0,-10776.0,2.84030163
1998-02-01,2.70235568,4.6,84.3048,1584.0,-11564.0,2.77706891
1998-03-01,2.682792941,4.7,84.3416,1567.0,-12880.0,2.85251196
1998-04-01,2.650550927,4.3,84.6263,1540.0,-13940.0,2.84606553
1998-05-01,2.621199946,4.4,85.1839,1536.0,-14202.0,2.89304228
1998-06-01,2.610692088,4.5,84.6809,1641.0,-13247.0,2.87099745
1998-07-01,2.613395599,4.5,84.3448,1698.0,-13949.0,2.77070571
1998-08-01,2.643666793,4.5,86.0846,1614.0,-16028.0,2.77934018
1998-09-01,2.603431515,4.6,85.9945,1582.0,-14820.0,2.49623921
1998-10-01,2.54435291,4.5,86.5967,1715.0,-14815.0,1.93514547
1998-11-01,2.531446927,4.4,86.5114,1660.0,-15173.0,2.22103048
1998-12-01,2.446189532,4.4,86.8608,1792.0,-14745.0,2.22957981
1999-01-01,2.3907588,4.3,87.2277,1748.0,-15876.0,2.30815245
1999-02-01,2.3238316,4.4,87.7266,1670.0,-18468.0,2.36759019
1999-03-01,2.2464619,4.2,87.9203,1710.0,-17719.0,2.71035881
1999-04-01,2.2358613,4.3,88.1153,1553.0,-17946.0,2.67778993
1999-05-01,2.1625267,4.2,88.6554,1611.0,-20046.0,2.70423805
1999-06-01,2.0812547,4.3,88.5958,1559.0,-22892.0,3.11656311
1999-07-01,2.1244533,4.3,89.1235,1669.0,-23100.0,3.0055618
1999-08-01,2.1074137,4.2,89.5116,1648.0,-22626.0,3.10154331
1999-09-01,2.0832919,4.2,89.1361,1635.0,-22699.0,3.16946543
1999-10-01,2.0639533,4.1,90.2842,1608.0,-23372.0,3.14292186
1999-11-01,2.1623251,4.1,90.7631,1648.0,-25126.0,3.14725353
1999-12-01,2.1818508,4.0,91.4926,1708.0,-25939.0,3.1922035
2000-01-01,2.350195,4.0,91.4251,1636.0,-27131.0,3.41105112
2000-02-01,2.3950909,4.1,91.7357,1737.0,-29794.0,3.51334339
2000-03-01,2.4989589,4.0,92.0933,1604.0,-30557.0,3.44034736
2000-04-01,2.4247194,3.8,92.6838,1626.0,-28598.0,3.20296665
2000-05-01,2.5736327,4.0,92.9376,1575.0,-29165.0,3.3605311
2000-06-01,2.7153642,4.0,93.0076,1559.0,-30405.0,3.1278929
2000-07-01,2.7240005,4.0,92.8458,1463.0,-31252.0,3.06235485
2000-08-01,2.8853852,4.1,92.5972,1541.0,-29931.0,3.04561328
2000-09-01,2.908796,3.9,92.9653,1507.0,-33333.0,2.88599618
2000-10-01,2.9310365,3.9,92.6418,1549.0,-33378.0,2.87662559
2000-11-01,2.8816134,3.9,92.6618,1551.0,-32723.0,2.83313793
2000-12-01,2.9838403,3.9,92.3459,1532.0,-33420.0,2.63921042
2001-01-01,2.8896431,4.2,91.8903,1600.0,-35202.0,2.25143294
2001-02-01,2.9893325,4.2,91.2915,1625.0,-29301.0,2.26701398
2001-03-01,2.9711853,4.3,91.0526,1590.0,-32812.0,2.26729473
2001-04-01,3.1007641,4.4,90.7293,1649.0,-30521.0,2.22098391
2001-05-01,3.0843327,4.3,90.2577,1605.0,-27095.0,2.43341797
2001-06-01,3.2118098,4.5,89.7677,1636.0,-29151.0,2.52645602
2001-07-01,3.2190557,4.6,89.226,1670.0,-29902.0,2.52836744
2001-08-01,3.2635089,4.9,89.1326,1567.0,-28094.0,2.33436142
2001-09-01,3.3990087,5.0,88.6679,1562.0,-30217.0,2.17776797
2001-10-01,3.4934371,5.3,88.3926,1540.0,-30588.0,1.98693245
2001-11-01,3.6122717,5.5,87.8774,1602.0,-30003.0,1.81476553
2001-12-01,3.5754587,5.7,87.8344,1568.0,-27488.0,2.0405763
2002-01-01,3.5684398,5.7,88.4665,1698.0,-29678.0,2.52349996
2002-02-01,3.5387817,5.7,88.4661,1829.0,-32501.0,2.40007343
2002-03-01,3.480145,5.7,89.1228,1642.0,-31161.0,2.42129018
2002-04-01,3.4775061,5.9,89.5532,1592.0,-33965.0,2.70112632
2002-05-01,3.4632677,5.8,89.934,1764.0,-34026.0,2.35054993
2002-06-01,3.2512149,5.8,90.6769,1717.0,-34732.0,2.31986391
2002-07-01,3.2740984,5.8,90.6455,1655.0,-33913.0,2.14192855
2002-08-01,3.1567969,5.7,90.5475,1633.0,-36385.0,1.74226259
2002-09-01,3.0374651,5.7,90.6381,1804.0,-36088.0,1.44610825
2002-10-01,2.9477485,5.7,90.4041,1648.0,-35095.0,1.26869564
2002-11-01,2.8341831,5.9,90.8985,1753.0,-39515.0,1.39558681
2002-12-01,2.8018315,6.0,90.389,1788.0,-43607.0,1.69225366
2003-01-01,2.7875531,5.8,91.1355,1853.0,-41156.0,1.48820174
2003-02-01,2.7046594,5.9,91.2502,1629.0,-40082.0,1.466379
2003-03-01,2.6277872,5.9,91.0059,1726.0,-43806.0,1.22359095
2003-04-01,2.4593491,6.0,90.4281,1643.0,-42037.0,1.30961847
2003-05-01,2.3483407,6.1,90.4073,1751.0,-41045.0,1.37072098
2003-06-01,2.27155,6.3,90.5218,1867.0,-39696.0,0.90511574
2003-07-01,2.237208,6.2,90.9896,1897.0,-41321.0,1.12868896
2003-08-01,2.1655338,6.1,90.7858,1833.0,-39892.0,1.75170446
2003-09-01,2.1842475,6.1,91.3829,1939.0,-41842.0,1.89723825
2003-10-01,2.1611133,6.0,91.5005,1967.0,-41388.0,1.38081936
2003-11-01,2.0365931,5.8,92.1265,2083.0,-39898.0,1.71390165
2003-12-01,1.976213,5.7,92.1722,2057.0,-44080.0,1.71357266
2004-01-01,1.9607229,5.7,92.327,1911.0,-44645.0,1.70195436
2004-02-01,2.0481367,5.6,92.8873,1846.0,-44552.0,1.57158074
2004-03-01,2.1370611,5.8,92.5325,1998.0,-46754.0,1.47016466
2004-04-01,2.2577613,5.6,92.9096,2003.0,-47283.0,1.35814941
2004-05-01,2.2378638,5.6,93.5838,1981.0,-47553.0,1.88324516
2004-06-01,2.3794884,5.6,92.8621,1828.0,-54169.0,1.94657611
2004-07-01,2.2638524,5.5,93.5511,2002.0,-51606.0,1.93379862
2004-08-01,2.2577292,5.4,93.6328,2024.0,-53647.0,1.85580269
2004-09-01,2.240201,5.4,93.7418,1905.0,-51686.0,1.48469164
2004-10-01,2.2372194,5.5,94.5671,2072.0,-55058.0,1.6871063
2004-11-01,2.3012131,5.4,94.8,1782.0,-58967.0,1.60768876
2004-12-01,2.3138859,5.4,95.5426,2042.0,-54918.0,1.90953662
2005-01-01,2.3158903,5.3,95.8831,2144.0,-56189.0,1.7792759
2005-02-01,2.2862449,5.4,96.5616,2207.0,-58094.0,1.81315912
2005-03-01,2.2461526,5.2,96.4371,1864.0,-53134.0,1.97934111
2005-04-01,2.2397223,5.2,96.628,2061.0,-57312.0,2.02052684
2005-05-01,2.3579552,5.1,96.7306,2025.0,-56040.0,1.78986568
2005-06-01,2.1993552,5.0,97.1488,2068.0,-58152.0,1.66688811
2005-07-01,2.3010794,5.0,96.8383,2054.0,-58301.0,1.82002108
2005-08-01,2.2644059,4.9,97.1603,2095.0,-58745.0,2.00821677
2005-09-01,2.3340762,5.0,95.2729,2151.0,-64882.0,1.73569017
2005-10-01,2.3253024,5.0,96.4383,2065.0,-67265.0,1.96704484
2005-11-01,2.4316658,5.0,97.4951,2147.0,-63859.0,2.07568901
2005-12-01,2.4690335,4.9,97.9788,1994.0,-64568.0,2.01834727
2006-01-01,2.4510191,4.7,98.1305,2273.0,-66967.0,2.06484172
2006-02-01,2.4992554,4.8,98.1779,2119.0,-62308.0,2.20441278
2006-03-01,2.581219,4.7,98.3898,1969.0,-62397.0,2.38362088
2006-04-01,2.6806926,4.7,98.6769,1821.0,-62603.0,2.35839303
2006-05-01,2.7839595,4.6,98.7052,1942.0,-64818.0,2.40637015
2006-06-01,3.0344298,4.6,99.0427,1802.0,-63800.0,2.45080986
2006-07-01,3.0939988,4.7,98.9804,1737.0,-66909.0,2.49634953
2006-08-01,3.2251144,4.7,99.4106,1650.0,-68277.0,2.2982861
2006-09-01,3.212012,4.5,99.2207,1720.0,-65095.0,2.20605719
2006-10-01,3.2911246,4.4,99.1253,1491.0,-59538.0,2.21206207
2006-11-01,3.1482614,4.5,99.0969,1570.0,-58939.0,2.1998854
2006-12-01,3.1241583,4.4,100.1122,1649.0,-61882.0,2.12213778
2007-01-01,3.1457342,4.6,99.7571,1409.0,-58014.0,2.14807579
2007-02-01,3.161558,4.5,100.7275,1480.0,-58479.0,2.28715091
2007-03-01,3.1090014,4.4,100.9023,1495.0,-62183.0,2.0249864
2007-04-01,2.9667028,4.5,101.5874,1490.0,-60494.0,2.07748685
2007-05-01,2.783324,4.4,101.6299,1415.0,-59572.0,2.0318442
2007-06-01,2.6305791,4.6,101.6482,1448.0,-59997.0,2.24630973
2007-07-01,2.5346411,4.7,101.4925,1354.0,-60246.0,2.37357342
2007-08-01,2.4685402,4.6,101.6874,1330.0,-57214.0,2.13388077
2007-09-01,2.4838823,4.7,101.9398,1183.0,-58158.0,1.94622258
2007-10-01,2.5033248,4.7,101.6345,1264.0,-57666.0,1.98911422
2007-11-01,2.6563697,4.7,102.2068,1197.0,-60682.0,1.82624712
2007-12-01,2.7127336,5.0,102.2604,1037.0,-58290.0,1.38696881
2008-01-01,2.7470404,5.0,102.14,1084.0,-61339.0,1.39949068
2008-02-01,2.6165653,4.9,101.7671,1103.0,-64225.0,1.11112286
2008-03-01,2.6887664,5.1,101.4355,1005.0,-60200.0,1.02522008
2008-04-01,2.7251103,5.0,100.7424,1013.0,-63733.0,1.06289422
2008-05-01,2.7937419,5.4,100.132,973.0,-62310.0,1.40051629
2008-06-01,2.9376962,5.6,99.8651,1046.0,-60889.0,1.48755401
2008-07-01,3.0142542,5.8,99.4214,923.0,-66989.0,1.44558109
2008-08-01,3.0845059,6.1,97.8448,844.0,-62394.0,1.35649733
2008-09-01,3.0766785,6.1,93.559,820.0,-60292.0,1.23957472
2008-10-01,2.9291949,6.5,94.4956,777.0,-60879.0,1.48506331
2008-11-01,2.7864624,6.8,93.2689,652.0,-45132.0,1.63162854
2008-12-01,2.6304305,7.3,90.628,560.0,-43967.0,0.97537985
2009-01-01,2.5522481,7.8,88.3811,490.0,-39343.0,0.93854104
2009-02-01,2.5594949,8.3,87.8412,582.0,-28778.0,1.03930649
2009-03-01,2.4535819,8.7,86.4794,505.0,-30193.0,1.25074177
2009-04-01,2.3761457,9.0,85.7883,478.0,-30473.0,0.71281967
2009-05-01,2.2888288,9.4,84.9516,540.0,-25839.0,1.0174109
2009-06-01,2.0898948,9.5,84.6928,585.0,-27152.0,1.32210554
2009-07-01,1.9228669,9.5,85.7044,594.0,-33307.0,1.26690282
2009-08-01,1.7701932,9.6,86.6617,586.0,-31674.0,1.15904037
2009-09-01,1.6158958,9.8,87.4033,585.0,-35247.0,0.94923764
2009-10-01,1.5209969,10.0,87.6035,534.0,-34959.0,0.99714116
2009-11-01,1.3714917,9.9,87.9559,588.0,-38381.0,1.06141004
2009-12-01,1.3248615,9.9,88.2468,581.0,-39426.0,0.84804056
2010-01-01,1.1770019,9.8,89.1911,614.0,-37744.0,1.29792486
2010-02-01,1.0548474,9.8,89.4972,604.0,-41504.0,1.12451541
2010-03-01,0.93183853,9.9,90.1419,636.0,-40271.0,0.99873153
2010-04-01,0.87602978,9.9,90.4591,687.0,-41496.0,1.3091053
2010-05-01,0.7998678,9.6,91.702,583.0,-42088.0,1.22638786
2010-06-01,0.78483473,9.4,91.8997,536.0,-47316.0,1.01936098
2010-07-01,0.74959322,9.4,92.2522,546.0,-41609.0,0.84675907
2010-08-01,0.69562861,9.5,92.5899,599.0,-45619.0,0.65616389
2010-09-01,0.6676136,9.5,92.8564,594.0,-44333.0,0.57706775
2010-10-01,0.67526624,9.4,92.6037,543.0,-40646.0,0.40880525
2010-11-01,0.82600201,9.8,92.6773,545.0,-38739.0,0.33888956
2010-12-01,0.83710132,9.3,93.5851,539.0,-41721.0,0.62620927
2011-01-01,0.96003713,9.1,93.3944,630.0,-48123.0,0.86397716
2011-02-01,1.1238816,9.0,92.993,517.0,-44753.0,0.82968718
2011-03-01,1.1861014,9.0,93.982,600.0,-44312.0,0.87385088
2011-04-01,1.21555,9.1,93.6525,554.0,-42685.0,0.97750283
2011-05-01,1.2613949,9.0,93.7775,561.0,-47725.0,0.71147484
2011-06-01,1.2990532,9.1,94.0467,608.0,-49882.0,0.49226699
2011-07-01,1.4236275,9.0,94.4931,623.0,-46070.0,0.57395235
2011-08-01,1.6569751,9.0,95.0969,585.0,-45052.0,0.39497491
2011-09-01,1.7268145,9.0,95.0281,650.0,-43477.0,0.21493888
2011-10-01,1.8413647,8.8,95.6924,610.0,-45509.0,0.09856249
2011-11-01,1.8407168,8.6,95.6913,711.0,-47460.0,0.13706953
2011-12-01,2.0478499,8.5,96.1938,694.0,-49473.0,0.14446831
2012-01-01,2.1159285,8.3,96.779,723.0,-50126.0,0.14610051
2012-02-01,2.0181912,8.3,97.0959,704.0,-42780.0,0.02185103
2012-03-01,2.1247577,8.2,96.5919,695.0,-49749.0,0.16923691
2012-04-01,2.1937928,8.2,97.2942,753.0,-46842.0,0.19464573
2012-05-01,2.1896843,8.2,97.4853,708.0,-45106.0,-0.08722198
2012-06-01,2.2407468,8.2,97.4959,757.0,-42941.0,-0.04815105
2012-07-01,2.2616531,8.2,97.6922,740.0,-42406.0,-0.05482603
2012-08-01,2.1718632,8.1,97.3061,754.0,-44030.0,-0.06008478
2012-09-01,2.2199385,7.8,97.2383,847.0,-38794.0,-0.16925714
2012-10-01,2.2070705,7.8,97.5425,915.0,-41467.0,-0.09317224
2012-11-01,2.1959869,7.7,97.934,833.0,-45332.0,-0.00573705
2012-12-01,2.1097305,7.9,98.1984,976.0,-36334.0,-0.17237745
2013-01-01,2.0682971,8.0,98.2029,888.0,-40135.0,0.08440142
2013-02-01,2.146017,7.7,98.6733,962.0,-41004.0,0.17210018
2013-03-01,2.0999025,7.5,99.0788,1010.0,-34314.0,0.05034072
2013-04-01,1.9354319,7.6,98.9658,835.0,-38487.0,-0.02421188
2013-05-01,1.907797,7.5,99.0567,930.0,-41701.0,-0.01939123
2013-06-01,1.8766189,7.5,99.2424,839.0,-34426.0,0.22769375
2013-07-01,1.867879,7.3,98.9258,880.0,-36356.0,0.54638104
2013-08-01,1.9142202,7.2,99.5059,917.0,-36617.0,0.47506869
2013-09-01,1.8904211,7.2,100.0391,850.0,-39917.0,0.54083451
2013-10-01,1.8687356,7.2,99.9203,925.0,-36285.0,0.49296942
2013-11-01,1.8930866,6.9,100.1661,1100.0,-33983.0,0.48963774
2013-12-01,1.8711904,6.7,100.3777,1002.0,-33636.0,0.41829993
2014-01-01,1.8218145,6.6,99.999,888.0,-37433.0,0.68063671
2014-02-01,1.7891863,6.7,100.7583,944.0,-40119.0,0.50867731
2014-03-01,1.8208567,6.7,101.7767,970.0,-42940.0,0.58045318
2014-04-01,2.0251612,6.2,101.8425,1043.0,-43735.0,0.7022221
2014-05-01,2.1282345,6.3,102.2594,1007.0,-39575.0,0.62685415
2014-06-01,2.1433409,6.1,102.5986,911.0,-38895.0,0.62452944
2014-07-01,2.1008094,6.2,102.8163,1085.0,-38935.0,0.59099495
2014-08-01,1.9625042,6.1,102.6562,984.0,-36935.0,0.6494057
2014-09-01,1.954047,5.9,102.9776,1023.0,-41672.0,0.58085993
2014-10-01,2.0060187,5.7,102.9892,1074.0,-41067.0,0.7009647
2014-11-01,2.0043657,5.8,103.6402,1001.0,-39808.0,0.71330026
2014-12-01,1.9711259,5.6,103.6345,1073.0,-42838.0,0.38472537
2015-01-01,1.985653,5.7,102.8239,1085.0,-38865.0,0.7099428
2015-02-01,1.9819969,5.5,102.1513,886.0,-33903.0,0.53838038
2015-03-01,1.9991371,5.4,101.824,960.0,-48732.0,0.75170542
2015-04-01,2.0631236,5.4,101.244,1190.0,-39836.0,0.41032252
2015-05-01,2.0668869,5.6,100.783,1079.0,-38502.0,0.53392144
2015-06-01,2.1147326,5.3,100.4781,1205.0,-42425.0,0.5537778
2015-07-01,2.1414477,5.2,101.1052,1146.0,-40340.0,0.6670749
2015-08-01,2.1802398,5.1,100.9442,1130.0,-44205.0,0.54830556
2015-09-01,2.279431,5.0,100.6507,1224.0,-41641.0,0.51245991
2015-10-01,2.3462109,5.0,100.1871,1058.0,-40873.0,0.52877171
2015-11-01,2.4052606,5.1,99.4382,1172.0,-40451.0,0.6662057
2015-12-01,2.4436874,5.0,98.939,1146.0,-41003.0,0.64742223
2016-01-01,2.4667222,4.8,99.4558,1092.0,-40044.0,0.73450597
2016-02-01,2.5442092,4.9,98.9136,1225.0,-43306.0,0.538738
2016-03-01,2.531878,5.0,98.1907,1111.0,-36801.0,0.55140742
2016-04-01,2.537996,5.1,98.4669,1163.0,-38048.0,0.34527268
2016-05-01,2.5711572,4.8,98.2518,1148.0,-39032.0,0.41364983
2016-06-01,2.5689022,4.9,98.7275,1203.0,-41719.0,0.51909852
2016-07-01,2.5758512,4.8,98.836,1239.0,-39931.0,0.16534694
2016-08-01,2.7228064,4.9,98.7554,1171.0,-40146.0,0.22683746
2016-09-01,2.6321032,5.0,98.6596,1068.0,-37004.0,0.2160743
2016-10-01,2.5095184,4.9,98.7322,1313.0,-38555.0,0.28979681
2016-11-01,2.5258013,4.7,98.3452,1140.0,-43896.0,0.34660933
2016-12-01,2.594944,4.7,99.0314,1252.0,-40976.0,0.70045658
2017-01-01,2.661562,4.7,98.7987,1190.0,-43556.0,0.72565107
2017-02-01,2.67446,4.6,98.4322,1271.0,-39785.0,0.77438158
2017-03-01,2.453344,4.4,99.0663,1190.0,-41124.0,0.91650302
2017-04-01,2.25217,4.4,100.0082,1146.0,-44227.0,0.76575378
2017-05-01,2.155911,4.4,100.1286,1157.0,-43985.0,0.7764088
2017-06-01,2.13853,4.3,100.3233,1249.0,-42579.0,0.73611135
2017-07-01,2.146769,4.3,100.0947,1206.0,-43854.0,0.72501612
2017-08-01,2.089832,4.4,99.6642,1159.0,-41391.0,0.67086016
2017-09-01,2.106697,4.3,99.7686,1181.0,-41593.0,0.56521264
2017-10-01,2.192819,4.2,100.9981,1257.0,-42848.0,0.72914351
2017-11-01,2.115031,4.2,101.2597,1273.0,-45463.0,0.75219045
2017-12-01,2.125472,4.1,101.4573,1177.0,-46535.0,0.57304923
2018-01-01,2.166305,4.0,101.3939,1299.0,-47072.0,0.87378801
2018-02-01,2.131896,4.1,101.7656,1277.0,-48793.0,1.08846929
2018-03-01,2.369197,4.0,102.2441,1318.0,-43508.0,1.02953583
2018-04-01,2.493423,4.0,103.3468,1276.0,-46129.0,1.01435433
2018-05-01,2.544991,3.8,102.3911,1357.0,-41421.0,1.2160918
2018-06-01,2.553219,4.0,103.1924,1192.0,-44811.0,1.24572814
2018-07-01,2.519634,3.8,103.3334,1208.0,-49673.0,1.15523371
2018-08-01,2.432878,3.8,104.0807,1288.0,-49558.0,1.25524162
2018-09-01,2.461933,3.7,104.1181,1250.0,-50563.0,1.1321469
2018-10-01,2.414988,3.8,103.9397,1221.0,-52453.0,1.30012681
2018-11-01,2.476794,3.8,104.0007,1181.0,-49401.0,1.30865835
2018-12-01,2.46437,3.9,103.9946,1095.0,-55212.0,1.25496666
2019-01-01,2.385533,4.0,103.373,1232.0,-49146.0,1.04043434
2019-02-01,2.376648,3.8,102.8292,1128.0,-47264.0,1.06818285
2019-03-01,2.399684,3.8,102.8286,1195.0,-48467.0,0.51720765
2019-04-01,2.407927,3.7,102.2481,1267.0,-49433.0,0.42030375
2019-05-01,2.39723,3.6,102.4192,1307.0,-50303.0,0.5404288
2019-06-01,2.421751,3.6,102.4893,1228.0,-48518.0,0.42130162
2019-07-01,2.460848,3.7,102.0236,1245.0,-48289.0,0.44057188
2019-08-01,2.629246,3.6,102.7754,1367.0,-48565.0,0.42005179
2019-09-01,2.606767,3.5,102.5315,1300.0,-44542.0,0.23500552
2019-10-01,2.733341,3.6,101.6022,1332.0,-41804.0,0.36832453
2019-11-01,2.768217,3.6,102.148,1346.0,-38956.0,0.43361185
2019-12-01,2.746361,3.6,101.884,1551.0,-44107.0,0.51426493
2020-01-01,2.797067,3.6,101.3768,1572.0,-43950.0,0.50509631
2020-02-01,2.812936,3.5,101.633,1565.0,-40611.0,0.31598579
2020-03-01,2.647379,4.4,97.6672,1267.0,-43967.0,-0.12783745
2020-04-01,2.226352,14.8,84.5979,925.0,-52981.0,-0.11159442
2020-05-01,2.084208,13.2,85.9732,1054.0,-54700.0,-0.02785652
2020-06-01,2.058146,11.0,91.5625,1266.0,-49121.0,-0.15369936
2020-07-01,2.348857,10.2,95.0144,1529.0,-59470.0,-0.3453445
2020-08-01,2.288978,8.4,95.8881,1377.0,-62219.0,-0.407134
2020-09-01,2.077391,7.8,95.8444,1463.0,-58182.0,-0.34333693
2020-10-01,1.842159,6.8,96.4292,1537.0,-61489.0,-0.29173845
2020-11-01,1.798587,6.7,96.8564,1545.0,-64414.0,-0.21395564
2020-12-01,1.716599,6.7,97.9754,1663.0,-61776.0,-0.23232146
2021-01-01,1.517012,6.4,98.7836,1602.0,-62331.0,-0.23501721
2021-02-01,1.527009,6.2,95.3744,1422.0,-64872.0,-0.2308238
2021-03-01,1.706984,6.1,98.1351,1700.0,-65941.0,0.01250687
2021-04-01,2.262331,6.1,98.2886,1484.0,-65898.0,0.11804694
2021-05-01,2.623164,5.8,99.1508,1600.0,-66379.0,0.03694758
2021-06-01,2.588579,5.9,99.5096,1661.0,-70831.0,-0.00566485
2021-07-01,2.315464,5.4,100.1231,1593.0,-69338.0,0.03504108
2021-08-01,2.343064,5.1,100.1255,1576.0,-71816.0,-0.26101879
2021-09-01,2.638383,4.7,99.0614,1560.0,-76771.0,-0.19473087
2021-10-01,3.035619,4.5,100.3045,1572.0,-67360.0,0.08790114
2021-11-01,3.21432,4.1,101.1971,1712.0,-79379.0,0.16399788
2021-12-01,3.484143,3.9,100.886,1787.0,-80656.0,0.09168917
2022-01-01,3.988659,4.0,101.0227,1669.0,-86503.0,0.3194951
2022-02-01,4.30707,3.8,101.6766,1771.0,-86960.0,0.44159289
2022-03-01,4.558423,3.6,102.478,1713.0,-102536.0,0.34708992
2022-04-01,4.721803,3.7,102.7953,1803.0,-86016.0,0.94940027
2022-05-01,4.985582,3.6,102.7769,1543.0,-84075.0,1.20389776
2022-06-01,5.422337,3.6,102.6863,1561.0,-80851.0,1.02509351
2022-07-01,5.625329,3.5,103.1328,1371.0,-71672.0,1.06217493
2022-08-01,5.991705,3.6,103.2344,1505.0,-67315.0,0.8556253
2022-09-01,6.392795,3.5,103.5283,1463.0,-71726.0,1.20424868
2022-10-01,6.364809,3.6,103.4114,1432.0,-78329.0,1.79733203
2022-11-01,6.471178,3.6,103.0707,1427.0,-63818.0,1.93071305
2022-12-01,6.617223,3.5,101.4848,1357.0,-71386.0,1.57612515
2023-01-01,6.554492474,3.4,102.5478,1340.0,-70776.0,1.78309897
2023-02-01,6.59375,3.6,102.5671,1436.0,-70619.0,1.42020217
2023-03-01,6.451708317,3.5,102.6592,1380.0,-60403.0,2.05963636
2023-04-01,6.322748661,3.4,103.1512,1348.0,-72895.0,1.44391386
2023-05-01,6.000605583,3.7,102.924,1583.0,-66872.0,1.53690406
2023-06-01,5.62652874,3.6,102.3002,1418.0,-64032.0,1.06063107
2023-07-01,5.45608902,3.5,103.19,1451.0,-64962.0,1.4260473
2023-08-01,5.217342854,3.8,103.2411,1305.0,-58624.0,1.60209539
2023-09-01,5.008782387,3.8,103.3346,1356.0,-61151.0,1.69970754
2023-10-01,4.931955814,3.8,102.4592,1376.0,-64483.0,2.08246076
2023-11-01,4.730629444,3.7,102.4301,1525.0,-63207.0,2.09432864
